id,text
0,this is a sample prediction
1,another example text
2,brain signal decoded text
3,neural activity to words
4,sample decoded sentence
5,example brain to text
6,neural decoder output
7,brain computer interface
8,decoded neural signal
9,machine learning prediction
10,this is a sample prediction
11,another example text
12,brain signal decoded text
13,neural activity to words
14,sample decoded sentence
15,example brain to text
16,neural decoder output
17,brain computer interface
18,decoded neural signal
19,machine learning prediction
20,this is a sample prediction
21,another example text
22,brain signal decoded text
23,neural activity to words
24,sample decoded sentence
25,example brain to text
26,neural decoder output
27,brain computer interface
28,decoded neural signal
29,machine learning prediction
30,this is a sample prediction
31,another example text
32,brain signal decoded text
33,neural activity to words
34,sample decoded sentence
35,example brain to text
36,neural decoder output
37,brain computer interface
38,decoded neural signal
39,machine learning prediction
40,this is a sample prediction
41,another example text
42,brain signal decoded text
43,neural activity to words
44,sample decoded sentence
45,example brain to text
46,neural decoder output
47,brain computer interface
48,decoded neural signal
49,machine learning prediction
50,this is a sample prediction
51,another example text
52,brain signal decoded text
53,neural activity to words
54,sample decoded sentence
55,example brain to text
56,neural decoder output
57,brain computer interface
58,decoded neural signal
59,machine learning prediction
60,this is a sample prediction
61,another example text
62,brain signal decoded text
63,neural activity to words
64,sample decoded sentence
65,example brain to text
66,neural decoder output
67,brain computer interface
68,decoded neural signal
69,machine learning prediction
70,this is a sample prediction
71,another example text
72,brain signal decoded text
73,neural activity to words
74,sample decoded sentence
75,example brain to text
76,neural decoder output
77,brain computer interface
78,decoded neural signal
79,machine learning prediction
80,this is a sample prediction
81,another example text
82,brain signal decoded text
83,neural activity to words
84,sample decoded sentence
85,example brain to text
86,neural decoder output
87,brain computer interface
88,decoded neural signal
89,machine learning prediction
90,this is a sample prediction
91,another example text
92,brain signal decoded text
93,neural activity to words
94,sample decoded sentence
95,example brain to text
96,neural decoder output
97,brain computer interface
98,decoded neural signal
99,machine learning prediction
100,this is a sample prediction
101,another example text
102,brain signal decoded text
103,neural activity to words
104,sample decoded sentence
105,example brain to text
106,neural decoder output
107,brain computer interface
108,decoded neural signal
109,machine learning prediction
110,this is a sample prediction
111,another example text
112,brain signal decoded text
113,neural activity to words
114,sample decoded sentence
115,example brain to text
116,neural decoder output
117,brain computer interface
118,decoded neural signal
119,machine learning prediction
120,this is a sample prediction
121,another example text
122,brain signal decoded text
123,neural activity to words
124,sample decoded sentence
125,example brain to text
126,neural decoder output
127,brain computer interface
128,decoded neural signal
129,machine learning prediction
130,this is a sample prediction
131,another example text
132,brain signal decoded text
133,neural activity to words
134,sample decoded sentence
135,example brain to text
136,neural decoder output
137,brain computer interface
138,decoded neural signal
139,machine learning prediction
140,this is a sample prediction
141,another example text
142,brain signal decoded text
143,neural activity to words
144,sample decoded sentence
145,example brain to text
146,neural decoder output
147,brain computer interface
148,decoded neural signal
149,machine learning prediction
150,this is a sample prediction
151,another example text
152,brain signal decoded text
153,neural activity to words
154,sample decoded sentence
155,example brain to text
156,neural decoder output
157,brain computer interface
158,decoded neural signal
159,machine learning prediction
160,this is a sample prediction
161,another example text
162,brain signal decoded text
163,neural activity to words
164,sample decoded sentence
165,example brain to text
166,neural decoder output
167,brain computer interface
168,decoded neural signal
169,machine learning prediction
170,this is a sample prediction
171,another example text
172,brain signal decoded text
173,neural activity to words
174,sample decoded sentence
175,example brain to text
176,neural decoder output
177,brain computer interface
178,decoded neural signal
179,machine learning prediction
180,this is a sample prediction
181,another example text
182,brain signal decoded text
183,neural activity to words
184,sample decoded sentence
185,example brain to text
186,neural decoder output
187,brain computer interface
188,decoded neural signal
189,machine learning prediction
190,this is a sample prediction
191,another example text
192,brain signal decoded text
193,neural activity to words
194,sample decoded sentence
195,example brain to text
196,neural decoder output
197,brain computer interface
198,decoded neural signal
199,machine learning prediction
200,this is a sample prediction
201,another example text
202,brain signal decoded text
203,neural activity to words
204,sample decoded sentence
205,example brain to text
206,neural decoder output
207,brain computer interface
208,decoded neural signal
209,machine learning prediction
210,this is a sample prediction
211,another example text
212,brain signal decoded text
213,neural activity to words
214,sample decoded sentence
215,example brain to text
216,neural decoder output
217,brain computer interface
218,decoded neural signal
219,machine learning prediction
220,this is a sample prediction
221,another example text
222,brain signal decoded text
223,neural activity to words
224,sample decoded sentence
225,example brain to text
226,neural decoder output
227,brain computer interface
228,decoded neural signal
229,machine learning prediction
230,this is a sample prediction
231,another example text
232,brain signal decoded text
233,neural activity to words
234,sample decoded sentence
235,example brain to text
236,neural decoder output
237,brain computer interface
238,decoded neural signal
239,machine learning prediction
240,this is a sample prediction
241,another example text
242,brain signal decoded text
243,neural activity to words
244,sample decoded sentence
245,example brain to text
246,neural decoder output
247,brain computer interface
248,decoded neural signal
249,machine learning prediction
250,this is a sample prediction
251,another example text
252,brain signal decoded text
253,neural activity to words
254,sample decoded sentence
255,example brain to text
256,neural decoder output
257,brain computer interface
258,decoded neural signal
259,machine learning prediction
260,this is a sample prediction
261,another example text
262,brain signal decoded text
263,neural activity to words
264,sample decoded sentence
265,example brain to text
266,neural decoder output
267,brain computer interface
268,decoded neural signal
269,machine learning prediction
270,this is a sample prediction
271,another example text
272,brain signal decoded text
273,neural activity to words
274,sample decoded sentence
275,example brain to text
276,neural decoder output
277,brain computer interface
278,decoded neural signal
279,machine learning prediction
280,this is a sample prediction
281,another example text
282,brain signal decoded text
283,neural activity to words
284,sample decoded sentence
285,example brain to text
286,neural decoder output
287,brain computer interface
288,decoded neural signal
289,machine learning prediction
290,this is a sample prediction
291,another example text
292,brain signal decoded text
293,neural activity to words
294,sample decoded sentence
295,example brain to text
296,neural decoder output
297,brain computer interface
298,decoded neural signal
299,machine learning prediction
300,this is a sample prediction
301,another example text
302,brain signal decoded text
303,neural activity to words
304,sample decoded sentence
305,example brain to text
306,neural decoder output
307,brain computer interface
308,decoded neural signal
309,machine learning prediction
310,this is a sample prediction
311,another example text
312,brain signal decoded text
313,neural activity to words
314,sample decoded sentence
315,example brain to text
316,neural decoder output
317,brain computer interface
318,decoded neural signal
319,machine learning prediction
320,this is a sample prediction
321,another example text
322,brain signal decoded text
323,neural activity to words
324,sample decoded sentence
325,example brain to text
326,neural decoder output
327,brain computer interface
328,decoded neural signal
329,machine learning prediction
330,this is a sample prediction
331,another example text
332,brain signal decoded text
333,neural activity to words
334,sample decoded sentence
335,example brain to text
336,neural decoder output
337,brain computer interface
338,decoded neural signal
339,machine learning prediction
340,this is a sample prediction
341,another example text
342,brain signal decoded text
343,neural activity to words
344,sample decoded sentence
345,example brain to text
346,neural decoder output
347,brain computer interface
348,decoded neural signal
349,machine learning prediction
350,this is a sample prediction
351,another example text
352,brain signal decoded text
353,neural activity to words
354,sample decoded sentence
355,example brain to text
356,neural decoder output
357,brain computer interface
358,decoded neural signal
359,machine learning prediction
360,this is a sample prediction
361,another example text
362,brain signal decoded text
363,neural activity to words
364,sample decoded sentence
365,example brain to text
366,neural decoder output
367,brain computer interface
368,decoded neural signal
369,machine learning prediction
370,this is a sample prediction
371,another example text
372,brain signal decoded text
373,neural activity to words
374,sample decoded sentence
375,example brain to text
376,neural decoder output
377,brain computer interface
378,decoded neural signal
379,machine learning prediction
380,this is a sample prediction
381,another example text
382,brain signal decoded text
383,neural activity to words
384,sample decoded sentence
385,example brain to text
386,neural decoder output
387,brain computer interface
388,decoded neural signal
389,machine learning prediction
390,this is a sample prediction
391,another example text
392,brain signal decoded text
393,neural activity to words
394,sample decoded sentence
395,example brain to text
396,neural decoder output
397,brain computer interface
398,decoded neural signal
399,machine learning prediction
400,this is a sample prediction
401,another example text
402,brain signal decoded text
403,neural activity to words
404,sample decoded sentence
405,example brain to text
406,neural decoder output
407,brain computer interface
408,decoded neural signal
409,machine learning prediction
410,this is a sample prediction
411,another example text
412,brain signal decoded text
413,neural activity to words
414,sample decoded sentence
415,example brain to text
416,neural decoder output
417,brain computer interface
418,decoded neural signal
419,machine learning prediction
420,this is a sample prediction
421,another example text
422,brain signal decoded text
423,neural activity to words
424,sample decoded sentence
425,example brain to text
426,neural decoder output
427,brain computer interface
428,decoded neural signal
429,machine learning prediction
430,this is a sample prediction
431,another example text
432,brain signal decoded text
433,neural activity to words
434,sample decoded sentence
435,example brain to text
436,neural decoder output
437,brain computer interface
438,decoded neural signal
439,machine learning prediction
440,this is a sample prediction
441,another example text
442,brain signal decoded text
443,neural activity to words
444,sample decoded sentence
445,example brain to text
446,neural decoder output
447,brain computer interface
448,decoded neural signal
449,machine learning prediction
450,this is a sample prediction
451,another example text
452,brain signal decoded text
453,neural activity to words
454,sample decoded sentence
455,example brain to text
456,neural decoder output
457,brain computer interface
458,decoded neural signal
459,machine learning prediction
460,this is a sample prediction
461,another example text
462,brain signal decoded text
463,neural activity to words
464,sample decoded sentence
465,example brain to text
466,neural decoder output
467,brain computer interface
468,decoded neural signal
469,machine learning prediction
470,this is a sample prediction
471,another example text
472,brain signal decoded text
473,neural activity to words
474,sample decoded sentence
475,example brain to text
476,neural decoder output
477,brain computer interface
478,decoded neural signal
479,machine learning prediction
480,this is a sample prediction
481,another example text
482,brain signal decoded text
483,neural activity to words
484,sample decoded sentence
485,example brain to text
486,neural decoder output
487,brain computer interface
488,decoded neural signal
489,machine learning prediction
490,this is a sample prediction
491,another example text
492,brain signal decoded text
493,neural activity to words
494,sample decoded sentence
495,example brain to text
496,neural decoder output
497,brain computer interface
498,decoded neural signal
499,machine learning prediction
500,this is a sample prediction
501,another example text
502,brain signal decoded text
503,neural activity to words
504,sample decoded sentence
505,example brain to text
506,neural decoder output
507,brain computer interface
508,decoded neural signal
509,machine learning prediction
510,this is a sample prediction
511,another example text
512,brain signal decoded text
513,neural activity to words
514,sample decoded sentence
515,example brain to text
516,neural decoder output
517,brain computer interface
518,decoded neural signal
519,machine learning prediction
520,this is a sample prediction
521,another example text
522,brain signal decoded text
523,neural activity to words
524,sample decoded sentence
525,example brain to text
526,neural decoder output
527,brain computer interface
528,decoded neural signal
529,machine learning prediction
530,this is a sample prediction
531,another example text
532,brain signal decoded text
533,neural activity to words
534,sample decoded sentence
535,example brain to text
536,neural decoder output
537,brain computer interface
538,decoded neural signal
539,machine learning prediction
540,this is a sample prediction
541,another example text
542,brain signal decoded text
543,neural activity to words
544,sample decoded sentence
545,example brain to text
546,neural decoder output
547,brain computer interface
548,decoded neural signal
549,machine learning prediction
550,this is a sample prediction
551,another example text
552,brain signal decoded text
553,neural activity to words
554,sample decoded sentence
555,example brain to text
556,neural decoder output
557,brain computer interface
558,decoded neural signal
559,machine learning prediction
560,this is a sample prediction
561,another example text
562,brain signal decoded text
563,neural activity to words
564,sample decoded sentence
565,example brain to text
566,neural decoder output
567,brain computer interface
568,decoded neural signal
569,machine learning prediction
570,this is a sample prediction
571,another example text
572,brain signal decoded text
573,neural activity to words
574,sample decoded sentence
575,example brain to text
576,neural decoder output
577,brain computer interface
578,decoded neural signal
579,machine learning prediction
580,this is a sample prediction
581,another example text
582,brain signal decoded text
583,neural activity to words
584,sample decoded sentence
585,example brain to text
586,neural decoder output
587,brain computer interface
588,decoded neural signal
589,machine learning prediction
590,this is a sample prediction
591,another example text
592,brain signal decoded text
593,neural activity to words
594,sample decoded sentence
595,example brain to text
596,neural decoder output
597,brain computer interface
598,decoded neural signal
599,machine learning prediction
600,this is a sample prediction
601,another example text
602,brain signal decoded text
603,neural activity to words
604,sample decoded sentence
605,example brain to text
606,neural decoder output
607,brain computer interface
608,decoded neural signal
609,machine learning prediction
610,this is a sample prediction
611,another example text
612,brain signal decoded text
613,neural activity to words
614,sample decoded sentence
615,example brain to text
616,neural decoder output
617,brain computer interface
618,decoded neural signal
619,machine learning prediction
620,this is a sample prediction
621,another example text
622,brain signal decoded text
623,neural activity to words
624,sample decoded sentence
625,example brain to text
626,neural decoder output
627,brain computer interface
628,decoded neural signal
629,machine learning prediction
630,this is a sample prediction
631,another example text
632,brain signal decoded text
633,neural activity to words
634,sample decoded sentence
635,example brain to text
636,neural decoder output
637,brain computer interface
638,decoded neural signal
639,machine learning prediction
640,this is a sample prediction
641,another example text
642,brain signal decoded text
643,neural activity to words
644,sample decoded sentence
645,example brain to text
646,neural decoder output
647,brain computer interface
648,decoded neural signal
649,machine learning prediction
650,this is a sample prediction
651,another example text
652,brain signal decoded text
653,neural activity to words
654,sample decoded sentence
655,example brain to text
656,neural decoder output
657,brain computer interface
658,decoded neural signal
659,machine learning prediction
660,this is a sample prediction
661,another example text
662,brain signal decoded text
663,neural activity to words
664,sample decoded sentence
665,example brain to text
666,neural decoder output
667,brain computer interface
668,decoded neural signal
669,machine learning prediction
670,this is a sample prediction
671,another example text
672,brain signal decoded text
673,neural activity to words
674,sample decoded sentence
675,example brain to text
676,neural decoder output
677,brain computer interface
678,decoded neural signal
679,machine learning prediction
680,this is a sample prediction
681,another example text
682,brain signal decoded text
683,neural activity to words
684,sample decoded sentence
685,example brain to text
686,neural decoder output
687,brain computer interface
688,decoded neural signal
689,machine learning prediction
690,this is a sample prediction
691,another example text
692,brain signal decoded text
693,neural activity to words
694,sample decoded sentence
695,example brain to text
696,neural decoder output
697,brain computer interface
698,decoded neural signal
699,machine learning prediction
700,this is a sample prediction
701,another example text
702,brain signal decoded text
703,neural activity to words
704,sample decoded sentence
705,example brain to text
706,neural decoder output
707,brain computer interface
708,decoded neural signal
709,machine learning prediction
710,this is a sample prediction
711,another example text
712,brain signal decoded text
713,neural activity to words
714,sample decoded sentence
715,example brain to text
716,neural decoder output
717,brain computer interface
718,decoded neural signal
719,machine learning prediction
720,this is a sample prediction
721,another example text
722,brain signal decoded text
723,neural activity to words
724,sample decoded sentence
725,example brain to text
726,neural decoder output
727,brain computer interface
728,decoded neural signal
729,machine learning prediction
730,this is a sample prediction
731,another example text
732,brain signal decoded text
733,neural activity to words
734,sample decoded sentence
735,example brain to text
736,neural decoder output
737,brain computer interface
738,decoded neural signal
739,machine learning prediction
740,this is a sample prediction
741,another example text
742,brain signal decoded text
743,neural activity to words
744,sample decoded sentence
745,example brain to text
746,neural decoder output
747,brain computer interface
748,decoded neural signal
749,machine learning prediction
750,this is a sample prediction
751,another example text
752,brain signal decoded text
753,neural activity to words
754,sample decoded sentence
755,example brain to text
756,neural decoder output
757,brain computer interface
758,decoded neural signal
759,machine learning prediction
760,this is a sample prediction
761,another example text
762,brain signal decoded text
763,neural activity to words
764,sample decoded sentence
765,example brain to text
766,neural decoder output
767,brain computer interface
768,decoded neural signal
769,machine learning prediction
770,this is a sample prediction
771,another example text
772,brain signal decoded text
773,neural activity to words
774,sample decoded sentence
775,example brain to text
776,neural decoder output
777,brain computer interface
778,decoded neural signal
779,machine learning prediction
780,this is a sample prediction
781,another example text
782,brain signal decoded text
783,neural activity to words
784,sample decoded sentence
785,example brain to text
786,neural decoder output
787,brain computer interface
788,decoded neural signal
789,machine learning prediction
790,this is a sample prediction
791,another example text
792,brain signal decoded text
793,neural activity to words
794,sample decoded sentence
795,example brain to text
796,neural decoder output
797,brain computer interface
798,decoded neural signal
799,machine learning prediction
800,this is a sample prediction
801,another example text
802,brain signal decoded text
803,neural activity to words
804,sample decoded sentence
805,example brain to text
806,neural decoder output
807,brain computer interface
808,decoded neural signal
809,machine learning prediction
810,this is a sample prediction
811,another example text
812,brain signal decoded text
813,neural activity to words
814,sample decoded sentence
815,example brain to text
816,neural decoder output
817,brain computer interface
818,decoded neural signal
819,machine learning prediction
820,this is a sample prediction
821,another example text
822,brain signal decoded text
823,neural activity to words
824,sample decoded sentence
825,example brain to text
826,neural decoder output
827,brain computer interface
828,decoded neural signal
829,machine learning prediction
830,this is a sample prediction
831,another example text
832,brain signal decoded text
833,neural activity to words
834,sample decoded sentence
835,example brain to text
836,neural decoder output
837,brain computer interface
838,decoded neural signal
839,machine learning prediction
840,this is a sample prediction
841,another example text
842,brain signal decoded text
843,neural activity to words
844,sample decoded sentence
845,example brain to text
846,neural decoder output
847,brain computer interface
848,decoded neural signal
849,machine learning prediction
850,this is a sample prediction
851,another example text
852,brain signal decoded text
853,neural activity to words
854,sample decoded sentence
855,example brain to text
856,neural decoder output
857,brain computer interface
858,decoded neural signal
859,machine learning prediction
860,this is a sample prediction
861,another example text
862,brain signal decoded text
863,neural activity to words
864,sample decoded sentence
865,example brain to text
866,neural decoder output
867,brain computer interface
868,decoded neural signal
869,machine learning prediction
870,this is a sample prediction
871,another example text
872,brain signal decoded text
873,neural activity to words
874,sample decoded sentence
875,example brain to text
876,neural decoder output
877,brain computer interface
878,decoded neural signal
879,machine learning prediction
880,this is a sample prediction
881,another example text
882,brain signal decoded text
883,neural activity to words
884,sample decoded sentence
885,example brain to text
886,neural decoder output
887,brain computer interface
888,decoded neural signal
889,machine learning prediction
890,this is a sample prediction
891,another example text
892,brain signal decoded text
893,neural activity to words
894,sample decoded sentence
895,example brain to text
896,neural decoder output
897,brain computer interface
898,decoded neural signal
899,machine learning prediction
900,this is a sample prediction
901,another example text
902,brain signal decoded text
903,neural activity to words
904,sample decoded sentence
905,example brain to text
906,neural decoder output
907,brain computer interface
908,decoded neural signal
909,machine learning prediction
910,this is a sample prediction
911,another example text
912,brain signal decoded text
913,neural activity to words
914,sample decoded sentence
915,example brain to text
916,neural decoder output
917,brain computer interface
918,decoded neural signal
919,machine learning prediction
920,this is a sample prediction
921,another example text
922,brain signal decoded text
923,neural activity to words
924,sample decoded sentence
925,example brain to text
926,neural decoder output
927,brain computer interface
928,decoded neural signal
929,machine learning prediction
930,this is a sample prediction
931,another example text
932,brain signal decoded text
933,neural activity to words
934,sample decoded sentence
935,example brain to text
936,neural decoder output
937,brain computer interface
938,decoded neural signal
939,machine learning prediction
940,this is a sample prediction
941,another example text
942,brain signal decoded text
943,neural activity to words
944,sample decoded sentence
945,example brain to text
946,neural decoder output
947,brain computer interface
948,decoded neural signal
949,machine learning prediction
950,this is a sample prediction
951,another example text
952,brain signal decoded text
953,neural activity to words
954,sample decoded sentence
955,example brain to text
956,neural decoder output
957,brain computer interface
958,decoded neural signal
959,machine learning prediction
960,this is a sample prediction
961,another example text
962,brain signal decoded text
963,neural activity to words
964,sample decoded sentence
965,example brain to text
966,neural decoder output
967,brain computer interface
968,decoded neural signal
969,machine learning prediction
970,this is a sample prediction
971,another example text
972,brain signal decoded text
973,neural activity to words
974,sample decoded sentence
975,example brain to text
976,neural decoder output
977,brain computer interface
978,decoded neural signal
979,machine learning prediction
980,this is a sample prediction
981,another example text
982,brain signal decoded text
983,neural activity to words
984,sample decoded sentence
985,example brain to text
986,neural decoder output
987,brain computer interface
988,decoded neural signal
989,machine learning prediction
990,this is a sample prediction
991,another example text
992,brain signal decoded text
993,neural activity to words
994,sample decoded sentence
995,example brain to text
996,neural decoder output
997,brain computer interface
998,decoded neural signal
999,machine learning prediction
1000,this is a sample prediction
1001,another example text
1002,brain signal decoded text
1003,neural activity to words
1004,sample decoded sentence
1005,example brain to text
1006,neural decoder output
1007,brain computer interface
1008,decoded neural signal
1009,machine learning prediction
1010,this is a sample prediction
1011,another example text
1012,brain signal decoded text
1013,neural activity to words
1014,sample decoded sentence
1015,example brain to text
1016,neural decoder output
1017,brain computer interface
1018,decoded neural signal
1019,machine learning prediction
1020,this is a sample prediction
1021,another example text
1022,brain signal decoded text
1023,neural activity to words
1024,sample decoded sentence
1025,example brain to text
1026,neural decoder output
1027,brain computer interface
1028,decoded neural signal
1029,machine learning prediction
1030,this is a sample prediction
1031,another example text
1032,brain signal decoded text
1033,neural activity to words
1034,sample decoded sentence
1035,example brain to text
1036,neural decoder output
1037,brain computer interface
1038,decoded neural signal
1039,machine learning prediction
1040,this is a sample prediction
1041,another example text
1042,brain signal decoded text
1043,neural activity to words
1044,sample decoded sentence
1045,example brain to text
1046,neural decoder output
1047,brain computer interface
1048,decoded neural signal
1049,machine learning prediction
1050,this is a sample prediction
1051,another example text
1052,brain signal decoded text
1053,neural activity to words
1054,sample decoded sentence
1055,example brain to text
1056,neural decoder output
1057,brain computer interface
1058,decoded neural signal
1059,machine learning prediction
1060,this is a sample prediction
1061,another example text
1062,brain signal decoded text
1063,neural activity to words
1064,sample decoded sentence
1065,example brain to text
1066,neural decoder output
1067,brain computer interface
1068,decoded neural signal
1069,machine learning prediction
1070,this is a sample prediction
1071,another example text
1072,brain signal decoded text
1073,neural activity to words
1074,sample decoded sentence
1075,example brain to text
1076,neural decoder output
1077,brain computer interface
1078,decoded neural signal
1079,machine learning prediction
1080,this is a sample prediction
1081,another example text
1082,brain signal decoded text
1083,neural activity to words
1084,sample decoded sentence
1085,example brain to text
1086,neural decoder output
1087,brain computer interface
1088,decoded neural signal
1089,machine learning prediction
1090,this is a sample prediction
1091,another example text
1092,brain signal decoded text
1093,neural activity to words
1094,sample decoded sentence
1095,example brain to text
1096,neural decoder output
1097,brain computer interface
1098,decoded neural signal
1099,machine learning prediction
1100,this is a sample prediction
1101,another example text
1102,brain signal decoded text
1103,neural activity to words
1104,sample decoded sentence
1105,example brain to text
1106,neural decoder output
1107,brain computer interface
1108,decoded neural signal
1109,machine learning prediction
1110,this is a sample prediction
1111,another example text
1112,brain signal decoded text
1113,neural activity to words
1114,sample decoded sentence
1115,example brain to text
1116,neural decoder output
1117,brain computer interface
1118,decoded neural signal
1119,machine learning prediction
1120,this is a sample prediction
1121,another example text
1122,brain signal decoded text
1123,neural activity to words
1124,sample decoded sentence
1125,example brain to text
1126,neural decoder output
1127,brain computer interface
1128,decoded neural signal
1129,machine learning prediction
1130,this is a sample prediction
1131,another example text
1132,brain signal decoded text
1133,neural activity to words
1134,sample decoded sentence
1135,example brain to text
1136,neural decoder output
1137,brain computer interface
1138,decoded neural signal
1139,machine learning prediction
1140,this is a sample prediction
1141,another example text
1142,brain signal decoded text
1143,neural activity to words
1144,sample decoded sentence
1145,example brain to text
1146,neural decoder output
1147,brain computer interface
1148,decoded neural signal
1149,machine learning prediction
1150,this is a sample prediction
1151,another example text
1152,brain signal decoded text
1153,neural activity to words
1154,sample decoded sentence
1155,example brain to text
1156,neural decoder output
1157,brain computer interface
1158,decoded neural signal
1159,machine learning prediction
1160,this is a sample prediction
1161,another example text
1162,brain signal decoded text
1163,neural activity to words
1164,sample decoded sentence
1165,example brain to text
1166,neural decoder output
1167,brain computer interface
1168,decoded neural signal
1169,machine learning prediction
1170,this is a sample prediction
1171,another example text
1172,brain signal decoded text
1173,neural activity to words
1174,sample decoded sentence
1175,example brain to text
1176,neural decoder output
1177,brain computer interface
1178,decoded neural signal
1179,machine learning prediction
1180,this is a sample prediction
1181,another example text
1182,brain signal decoded text
1183,neural activity to words
1184,sample decoded sentence
1185,example brain to text
1186,neural decoder output
1187,brain computer interface
1188,decoded neural signal
1189,machine learning prediction
1190,this is a sample prediction
1191,another example text
1192,brain signal decoded text
1193,neural activity to words
1194,sample decoded sentence
1195,example brain to text
1196,neural decoder output
1197,brain computer interface
1198,decoded neural signal
1199,machine learning prediction
1200,this is a sample prediction
1201,another example text
1202,brain signal decoded text
1203,neural activity to words
1204,sample decoded sentence
1205,example brain to text
1206,neural decoder output
1207,brain computer interface
1208,decoded neural signal
1209,machine learning prediction
1210,this is a sample prediction
1211,another example text
1212,brain signal decoded text
1213,neural activity to words
1214,sample decoded sentence
1215,example brain to text
1216,neural decoder output
1217,brain computer interface
1218,decoded neural signal
1219,machine learning prediction
1220,this is a sample prediction
1221,another example text
1222,brain signal decoded text
1223,neural activity to words
1224,sample decoded sentence
1225,example brain to text
1226,neural decoder output
1227,brain computer interface
1228,decoded neural signal
1229,machine learning prediction
1230,this is a sample prediction
1231,another example text
1232,brain signal decoded text
1233,neural activity to words
1234,sample decoded sentence
1235,example brain to text
1236,neural decoder output
1237,brain computer interface
1238,decoded neural signal
1239,machine learning prediction
1240,this is a sample prediction
1241,another example text
1242,brain signal decoded text
1243,neural activity to words
1244,sample decoded sentence
1245,example brain to text
1246,neural decoder output
1247,brain computer interface
1248,decoded neural signal
1249,machine learning prediction
1250,this is a sample prediction
1251,another example text
1252,brain signal decoded text
1253,neural activity to words
1254,sample decoded sentence
1255,example brain to text
1256,neural decoder output
1257,brain computer interface
1258,decoded neural signal
1259,machine learning prediction
1260,this is a sample prediction
1261,another example text
1262,brain signal decoded text
1263,neural activity to words
1264,sample decoded sentence
1265,example brain to text
1266,neural decoder output
1267,brain computer interface
1268,decoded neural signal
1269,machine learning prediction
1270,this is a sample prediction
1271,another example text
1272,brain signal decoded text
1273,neural activity to words
1274,sample decoded sentence
1275,example brain to text
1276,neural decoder output
1277,brain computer interface
1278,decoded neural signal
1279,machine learning prediction
1280,this is a sample prediction
1281,another example text
1282,brain signal decoded text
1283,neural activity to words
1284,sample decoded sentence
1285,example brain to text
1286,neural decoder output
1287,brain computer interface
1288,decoded neural signal
1289,machine learning prediction
1290,this is a sample prediction
1291,another example text
1292,brain signal decoded text
1293,neural activity to words
1294,sample decoded sentence
1295,example brain to text
1296,neural decoder output
1297,brain computer interface
1298,decoded neural signal
1299,machine learning prediction
1300,this is a sample prediction
1301,another example text
1302,brain signal decoded text
1303,neural activity to words
1304,sample decoded sentence
1305,example brain to text
1306,neural decoder output
1307,brain computer interface
1308,decoded neural signal
1309,machine learning prediction
1310,this is a sample prediction
1311,another example text
1312,brain signal decoded text
1313,neural activity to words
1314,sample decoded sentence
1315,example brain to text
1316,neural decoder output
1317,brain computer interface
1318,decoded neural signal
1319,machine learning prediction
1320,this is a sample prediction
1321,another example text
1322,brain signal decoded text
1323,neural activity to words
1324,sample decoded sentence
1325,example brain to text
1326,neural decoder output
1327,brain computer interface
1328,decoded neural signal
1329,machine learning prediction
1330,this is a sample prediction
1331,another example text
1332,brain signal decoded text
1333,neural activity to words
1334,sample decoded sentence
1335,example brain to text
1336,neural decoder output
1337,brain computer interface
1338,decoded neural signal
1339,machine learning prediction
1340,this is a sample prediction
1341,another example text
1342,brain signal decoded text
1343,neural activity to words
1344,sample decoded sentence
1345,example brain to text
1346,neural decoder output
1347,brain computer interface
1348,decoded neural signal
1349,machine learning prediction
1350,this is a sample prediction
1351,another example text
1352,brain signal decoded text
1353,neural activity to words
1354,sample decoded sentence
1355,example brain to text
1356,neural decoder output
1357,brain computer interface
1358,decoded neural signal
1359,machine learning prediction
1360,this is a sample prediction
1361,another example text
1362,brain signal decoded text
1363,neural activity to words
1364,sample decoded sentence
1365,example brain to text
1366,neural decoder output
1367,brain computer interface
1368,decoded neural signal
1369,machine learning prediction
1370,this is a sample prediction
1371,another example text
1372,brain signal decoded text
1373,neural activity to words
1374,sample decoded sentence
1375,example brain to text
1376,neural decoder output
1377,brain computer interface
1378,decoded neural signal
1379,machine learning prediction
1380,this is a sample prediction
1381,another example text
1382,brain signal decoded text
1383,neural activity to words
1384,sample decoded sentence
1385,example brain to text
1386,neural decoder output
1387,brain computer interface
1388,decoded neural signal
1389,machine learning prediction
1390,this is a sample prediction
1391,another example text
1392,brain signal decoded text
1393,neural activity to words
1394,sample decoded sentence
1395,example brain to text
1396,neural decoder output
1397,brain computer interface
1398,decoded neural signal
1399,machine learning prediction
1400,this is a sample prediction
1401,another example text
1402,brain signal decoded text
1403,neural activity to words
1404,sample decoded sentence
1405,example brain to text
1406,neural decoder output
1407,brain computer interface
1408,decoded neural signal
1409,machine learning prediction
1410,this is a sample prediction
1411,another example text
1412,brain signal decoded text
1413,neural activity to words
1414,sample decoded sentence
1415,example brain to text
1416,neural decoder output
1417,brain computer interface
1418,decoded neural signal
1419,machine learning prediction
1420,this is a sample prediction
1421,another example text
1422,brain signal decoded text
1423,neural activity to words
1424,sample decoded sentence
1425,example brain to text
1426,neural decoder output
1427,brain computer interface
1428,decoded neural signal
1429,machine learning prediction
1430,this is a sample prediction
1431,another example text
1432,brain signal decoded text
1433,neural activity to words
1434,sample decoded sentence
1435,example brain to text
1436,neural decoder output
1437,brain computer interface
1438,decoded neural signal
1439,machine learning prediction
1440,this is a sample prediction
1441,another example text
1442,brain signal decoded text
1443,neural activity to words
1444,sample decoded sentence
1445,example brain to text
1446,neural decoder output
1447,brain computer interface
1448,decoded neural signal
1449,machine learning prediction
